<?xml version='1.0' encoding='utf-8' standalone='yes' ?>
<map>
    <long name="first_open_time" value="1716183959903" />
    <string name="gmp_app_id">1:352691001887:android:c9e419b794f309eae8d32a</string>
    <string name="app_instance_id">5312c122d7d6badbc8757b0ea42a5de3</string>
    <long name="session_id" value="1716204957" />
    <boolean name="app_backgrounded" value="true" />
    <long name="health_monitor:start" value="1716183960183" />
    <boolean name="use_service" value="true" />
    <boolean name="deferred_analytics_collection" value="false" />
    <string name="previous_os_version">13</string>
    <boolean name="has_been_opened" value="true" />
    <boolean name="allow_remote_dynamite" value="true" />
    <long name="last_pause_time" value="1716209910263" />
    <boolean name="start_new_session" value="false" />
</map>
