<?xml version='1.0' encoding='utf-8' standalone='yes' ?>
<map>
    <long name="fire-count" value="1" />
    <string name="last-used-date">2024-05-20</string>
    <set name="fire-cls/18.6.2 fire-sessions/1.2.1 kotlin/1.8.21 device-brand/Redmi fire-core-ktx/20.4.2 fire-analytics/21.5.1 fire-android/33 fire-core/20.4.2 android-min-sdk/19 android-installer/com.android.shell fire-installations/17.2.0 device-model/mondrian device-name/mondrian android-platform/ fire-transport/18.1.8 android-target-sdk/33">
        <string>2024-05-20</string>
    </set>
    <long name="fire-global" value="1716210000985" />
</map>
