<?xml version='1.0' encoding='utf-8' standalone='yes' ?>
<map>
    <int name="iceGoldMagic2" value="300" />
    <int name="last_class" value="0" />
    <int name="zoom" value="-3" />
    <boolean name="cheatingfuck" value="false" />
    <int name="version" value="2024051400" />
    <string name="custom_seed"></string>
    <boolean name="intro" value="false" />
    <boolean name="DRAGON" value="true" />
    <string name="dlc">{&quot;b&quot;:{&quot;conduct&quot;:[&quot;DEV&quot;],&quot;__className&quot;:&quot;com.shatteredpixel.shatteredpixeldungeon.Conducts$ConductStorage&quot;}}</string>
    <boolean name="DWAXF" value="true" />
    <long name="news_last_read" value="34302758400000" />
    <boolean name="iceupdate12" value="false" />
    <boolean name="page_ui" value="true" />
</map>
